frame_comic1,37,"7_1.png",283,203,1,1,0,1,0.5,0.5
TEXT,COMIC_7_1_1,frame_comic1,-4,-53,109,58,0,0,0,0,0
TEXT,COMIC_7_1_2,frame_comic1,144,-123,83,50,0,0,0,0,0
frame_comic1,75,"7_1.png",283,203,1,1,1,1,0.5,0.5
TEXT,COMIC_7_1_1,frame_comic1,-4,-53,109,58,0,0,0,0,0
TEXT,COMIC_7_1_2,frame_comic1,144,-123,83,50,0,0,0,0,0
frame_comic1,82,"7_1.png",283,203,1,1,1,1,0.5,0.5
TEXT,COMIC_7_1_1,frame_comic1,-4,-53,109,58,0,0,0,0,0
TEXT,COMIC_7_1_2,frame_comic1,144,-123,83,50,0,0,0,0,0
frame_comic2,133,"7_2.png",590,203,1,1,0,1,0.5,0.5
frame_comic2,144,"7_2.png",590,203,1,1,1,1,0.5,0.5
frame_comic2,152,"7_2.png",590,203,1,1,1,1,0.5,0.5
frame_comic3,206,"7_3.png",819,203,1,1,0,1,0.5,0.5
TEXT,COMIC_7_3,frame_comic3,-66,-104,70,55,0,0,0,0,0
frame_comic3,216,"7_3.png",819,203,1,1,1,1,0.5,0.5
TEXT,COMIC_7_3,frame_comic3,-66,-104,70,55,0,0,0,0,0
frame_comic3,224,"7_3.png",819,203,1,1,1,1,0.5,0.5
TEXT,COMIC_7_3,frame_comic3,-66,-104,70,55,0,0,0,0,0
frame_comic4,272,"7_4.png",175,566,1,1,0,1,0.5,0.5
frame_comic4,290,"7_4.png",202,566,1,1,1,1,0.5,0.5
frame_comic4,296,"7_4.png",202,566,1,1,1,1,0.5,0.5
frame_comic5,378,"7_5.png",644,578,1,1,0,1,0.5,0.5
TEXT,COMIC_7_5,frame_comic5,-42,95,154,51,0,0,0,0,0
frame_comic5,393,"7_5.png",644,566,1,1,1,1,0.5,0.5
TEXT,COMIC_7_5,frame_comic5,-42,95,154,51,0,0,0,0,0
frame_continue,442,"comicContinue.png",819,741,1,1,0,1,0.5,0.5
TEXT,CINEMATICS_TAP_TO_CONTINUE,frame_continue,0,0,195,34,-1.7331390380859375,0,0,0,1
frame_continue,456,"comicContinue.png",819,735,1,1,1,2,0.5,0.5
TEXT,CINEMATICS_TAP_TO_CONTINUE,frame_continue,0,0,195,34,-1.7331390380859375,0,0,0,1
PAGE_END,456
ORDER,frame_comic1,frame_comic2,frame_comic3,frame_comic4,frame_comic5,frame_continue
